Date,Type,Model,模型尺寸,自研基础模型,机构,机构类型,区域
2024/2/23,LLM,llama1,"7B, 13B, 65B",是,Meta,科技大厂,国外
2024/3/23,LLM,alpaca(llama1),"7B, 13B, 65B",否,斯坦福,学术机构,国外
2024/3/23,LLM,chatglm-6B,6B,是,智谱AI,大模型创业公司,国内
2024/4/23,LLM,baichuan-7B,7B,是,百川智能,大模型创业公司,国内
2024/4/23,LLM,belle(llama1),"7B, 13B",否,链家科技,其他企业,国内
2024/4/23,LMM,LLaVA,"7B, 13B",否,University of Wisconsin-Madison,学术机构,国外
2024/6/23,LLM,chatglm2-6B,6B,是,智谱AI,大模型创业公司,国内
2024/6/23,LLM,Aquila,"7B, 33B",是,智源研究院,学术机构,国内
2024/6/23,LLM,ziya-1(llama1),"7B, 13B",否,IDEA研究院,学术机构,国内
2024/7/23,LLM,baichuan-13B,13B,是,百川智能,大模型创业公司,国内
2024/7/23,LLM,llama2,"7B, 13B, 30B, 70B",是,Meta,科技大厂,国外
2024/7/23,LLM,InternLM-7B,7B,是,上海AI实验室,学术机构,国内
2024/7/23,LLM,belle-llama2,13B,否,链家科技,其他企业,国内
2023/8/30,LLM,Qwen,"7B, 14B",是,阿里,科技大厂,国内
2024/8/23,LMM,Qwen-VL-Chat,9.6B,是,阿里,科技大厂,国内
2023/8/30,LLM,XVERSE,"7B, 13B",是,元象科技,其他企业,国内
2024/9/23,LLM,baichuan2-7B/13B,"7B, 13B",是,百川智能,大模型创业公司,国内
2024/9/23,LLM,falcon,"7B, 40B, 180B",是,TII研究院,学术机构,国外
2024/9/23,LLM,InternLM-20B,20B,是,上海AI实验室,学术机构,国内
2024/9/23,LLM,Mistral-7B,7B,是,Mistral,大模型创业公司,国外
2024/9/23,LLM,"phi-1, Phi-1.5",1.3B,是,微软,科技大厂,国外
2024/10/23,LLM,ChatGLM3-6B,6B,是,智谱AI,大模型创业公司,国内
2024/10/23,LLM,ziya-2(llama2),13B,否,IDEA研究院,学术机构,国内
2023/10/30,LLM,Aquila2,"7B, 34B, 70B",是,智源研究院,学术机构,国内
2024/11/23,LLM,Qwen,72B，1.8B,是,阿里,科技大厂,国内
2024/11/23,LLM,XVERSE-65B,65B,是,元象科技,其他企业,国内
2024/11/23,LLM,YI,"6B, 34B",是,零一万物,大模型创业公司,国内
2024/11/23,LLM,deepseek-llm,"7B, 67B",是,深度求索,大模型创业公司,国内
2024/12/23,LLM,Mixtral 8x7B,56B MoE,是,Mistral,大模型创业公司,国外
2024/12/23,LLM,phi-2,2.7B,是,微软,科技大厂,国外
2024/12/23,LMM,LLaVA-1.5-13B,13B,否,University of Wisconsin-Madison,学术机构,国外
2024/1/24,LLM,InternLM2,"7B, 20B",是,上海AI实验室,学术机构,国内
2024/1/24,LMM,Monkey-Chat(qwen-7b),9.8B,否,华中科大,学术机构,国内
2024/1/24,LMM,Yi-VL,"6B, 34B",是,零一万物,大模型创业公司,国内
2024/1/24,LMM,InternLM-XComposer2(InternLM2-7B),7B,是,上海AI实验室,学术机构,国内
2024/2/24,LLM,qwen1.5,0.5B、1.8B、4B、7B、14B、72B、110B,是,阿里,科技大厂,国内
2024/2/24,LLM,gemma1,"2B, 7B",是,谷歌,科技大厂,国外
2024/2/24,LMM,InternVL−Chat−V1.2(Yi-34B),40B,否,OpenGVLab,学术机构,国内
2024/3/24,LLM,Grok-1,314B,是,X.AI,大模型创业公司,国外
2024/3/24,LMM,deepseek-vl-7b-chat,7B,是,深度求索,大模型创业公司,国内
2024/3/24,LMM,Mini-Gemini-HD(Yi-34B),34B,否,港中文,学术机构,国内
2024/3/24,LMM,mPLUG-DocOwl 1.5(llama2-7b),8B,否,阿里,科技大厂,国内
2024/4/24,LLM,llama3,"8B, 70B",是,Meta,科技大厂,国外
2024/4/24,LLM,OpenELM,"0.27B, 0.45B, 1.1B, 3B",是,苹果,科技大厂,国外
2024/4/24,LMM,IDEFICS2-8B,8B,否,Hugging Face,其他企业,国外
2024/4/24,LMM,MiniCPM-V2.0,2.8B,是,面壁智能,大模型创业公司,国内
2024/4/24,LMM,InternVL-Chat-V1.5(InternLM2-20B),26B,是,OpenGVLab,学术机构,国内
2024/4/24,LMM,LLaVA-NeXT-LLaMA3-8B,8.4B,否,University of Wisconsin-Madison,学术机构,国外
2024/4/24,LMM,Bunny-Llama-3-8B-V（v1.1）,8B,否,智源研究院,学术机构,国内
2024/4/30,LLM,Phi-3,"Mini(3.8B), Small(7B), Medium(14B)",是,微软,科技大厂,国外
2024/5/24,LMM,Phi-3-Vision,4.2B,是,微软,科技大厂,国外
2024/5/24,LLM,DeepSeek-V2,236B moe,是,深度求索,大模型创业公司,国内
2024/5/24,LLM,YI1.5,"6B, 9B, 34B",是,零一万物,大模型创业公司,国内
2024/5/24,LMM,LLaVA-NeXT-110B(qwen1.5-110b),110B,否,University of Wisconsin-Madison,学术机构,国外
2024/5/24,LMM,CogVLM2-LLaMA3,19B,否,智谱AI,大模型创业公司,国内
2024/5/24,LMM,MiniCPM-Llama3-V 2.5,8B,否,面壁智能,大模型创业公司,国内
2024/6/24,LLM,qwen2,0.5B、1.5B、7B、57B-A14B、72B,是,阿里,科技大厂,国内
2024/6/24,LLM,GLM-4-9B,9B,是,智谱AI,大模型创业公司,国内
2024/6/24,LLM,gemma2,"9B, 27B",是,谷歌,科技大厂,国外
2024/6/24,LMM,glm-4v-9b,9B,是,智谱AI,大模型创业公司,国内
2024/7/24,LMM,CogVLM2-Video-Llama3-Chat,8B,否,智谱AI,大模型创业公司,国内
2024/7/24,LMM,InternLM-XComposer-2.5,8B,是,上海AI实验室,学术机构,国内
2024/7/24,LMM,InternVL2,"8B, 26B",是,OpenGVLab,学术机构,国内
2024/7/24,LMM,InternVL2-Llama3-76B,76B,否,OpenGVLab,学术机构,国内
2024/7/24,LLM,llama3.1,"8B, 70B, 405B",是,Meta,科技大厂,国外
2024/8/24,LLM,Phi-3.5-mini,3.8B,是,微软,科技大厂,国外
2024/8/24,LMM,Phi-3.5-vision,4.2B,是,微软,科技大厂,国外
2024/8/24,LLM,Phi-3.5-MoE,42B-A6.6B,是,微软,科技大厂,国外
